{
    "@class": "com.kony.gen.viz.model.component.KVizButton",
    "DNDConfig": null,
    "__parentReadjusting__": false,
    "_height_": {
        "type": "string",
        "value": "8%"
    },
    "_left_": {
        "type": "string",
        "value": "8.00%"
    },
    "_margin_": [
        6,
        6,
        6,
        6
    ],
    "_padding_": [
        0,
        0,
        0,
        0
    ],
    "_skin_": "s25f54613ad047a389a8e2241f0b96fe",
    "_text_": "LOGIN",
    "_top_": {
        "type": "string",
        "value": "78%"
    },
    "_width_": {
        "type": "string",
        "value": "84%"
    },
    "canUpdateUI": true,
    "containerweight": 100,
    "contentalignment": 5,
    "displaytext": true,
    "focusskin": "s25f54613ad047a389a8e2241f0b96fe",
    "id": "btnLogin",
    "ide_onClick": "AS_Button_4c055e96468a44b6a31f9bc5fb12c7ea",
    "info": null,
    "isvisible": true,
    "kuid": "add36f29fa5d4506994356177bc8206f",
    "name": "kony.ui.Button",
    "onclick": "AS_Button_4c055e96468a44b6a31f9bc5fb12c7ea",
    "parent": "frmLogIn",
    "pf": "frmLogIn",
    "wType": "Button",
    "zindex": 1
}