{
    "DNDConfig": null,
    "__parentReadjusting__": false,
    "_height_": {
        "type": "string",
        "value": "10%"
    },
    "_left_": {
        "type": "string",
        "value": "8%"
    },
    "_margin_": [
        0,
        0,
        0,
        0
    ],
    "_orientation_": 6,
    "_padding_": [
        0,
        0,
        0,
        0
    ],
    "_percent_": true,
    "_skin_": "s98415a4462648568f95218da022922a",
    "_top_": {
        "type": "string",
        "value": "53%"
    },
    "_width_": {
        "type": "string",
        "value": "84%"
    },
    "allboxes": [],
    "autogrowmode": 0,
    "canUpdateUI": true,
    "children": [
        "imgPassword",
        "linePassword",
        "txtbxPassword"
    ],
    "clipbounds": true,
    "containerweight": 100,
    "enablescrolling": true,
    "id": "flxPassword",
    "info": null,
    "isvisible": true,
    "kuid": "64686237b1fd4a29a9b93dfacea4976a",
    "layouttype": 2,
    "name": "kony.ui.FlexContainer",
    "parent": "frmLogIn",
    "pf": "frmLogIn",
    "snapgridsize": 10,
    "snaptogrid": true,
    "wType": "FlexContainer",
    "widgetalignment": 1,
    "zindex": 1
}