{
    "DNDConfig": null,
    "__parentReadjusting__": false,
    "_height_": {
        "type": "string",
        "value": "10%"
    },
    "_left_": {
        "type": "string",
        "value": "8%"
    },
    "_margin_": [
        0,
        0,
        0,
        0
    ],
    "_orientation_": 6,
    "_padding_": [
        0,
        0,
        0,
        0
    ],
    "_percent_": true,
    "_skin_": "s98415a4462648568f95218da022922a",
    "_top_": {
        "type": "string",
        "value": "40%"
    },
    "_width_": {
        "type": "string",
        "value": "84%"
    },
    "allboxes": [],
    "autogrowmode": 0,
    "canUpdateUI": true,
    "children": [
        "Image0e9bc5118352c42",
        "Label0445d03cc70fb46",
        "txtbxUserName"
    ],
    "clipbounds": true,
    "containerweight": 100,
    "enablescrolling": true,
    "id": "flxUser",
    "info": null,
    "isvisible": true,
    "kuid": "34e286fe4b964001b9db50568262535d",
    "layouttype": 2,
    "name": "kony.ui.FlexContainer",
    "parent": "frmLogIn",
    "pf": "frmLogIn",
    "snapgridsize": 10,
    "snaptogrid": true,
    "wType": "FlexContainer",
    "widgetalignment": 1,
    "zindex": 1
}