{
    "@class": "com.kony.gen.viz.model.component.KVizImage2",
    "DNDConfig": null,
    "__parentReadjusting__": false,
    "_base64_": null,
    "_height_": {
        "type": "ref",
        "value": "preferred"
    },
    "_left_": {
        "type": "string",
        "value": "5.00%"
    },
    "_margin_": [
        0,
        0,
        0,
        0
    ],
    "_padding_": [
        0,
        0,
        0,
        0
    ],
    "_skin_": "s65a5006ea6a4305beaa71ea58583cab",
    "_src_": "user.png",
    "_top_": {
        "type": "string",
        "value": "30%"
    },
    "_width_": {
        "type": "ref",
        "value": "preferred"
    },
    "canUpdateUI": true,
    "containerweight": 100,
    "context": {
        "channel": "mobile",
        "formID": "frmLogIn",
        "platform": "android",
        "templateType": "forms",
        "topLevelBox": null
    },
    "id": "Image0e9bc5118352c42",
    "imagescalemode": 1,
    "info": null,
    "invokedProperty": "src",
    "isvisible": true,
    "kuid": "0a0c56f0ff99440c9f215e4643af236c",
    "name": "kony.ui.Image2",
    "parent": "flxUser",
    "pf": "frmLogIn",
    "srcType": 1,
    "wType": "Image",
    "widgetalignment": 5
}