{
    "@class": "com.kony.gen.viz.model.component.KVizImage2",
    "DNDConfig": null,
    "__parentReadjusting__": false,
    "_base64_": null,
    "_height_": {
        "type": "string",
        "value": "100%"
    },
    "_margin_": [
        0,
        0,
        0,
        0
    ],
    "_padding_": [
        0,
        0,
        0,
        0
    ],
    "_right_": {
        "type": "string",
        "value": "0%"
    },
    "_skin_": "s65a5006ea6a4305beaa71ea58583cab",
    "_src_": "switch_on.png",
    "_top_": {
        "type": "string",
        "value": "0dp"
    },
    "_width_": {
        "type": "ref",
        "value": "preferred"
    },
    "canUpdateUI": true,
    "containerweight": 100,
    "context": {
        "channel": "mobile",
        "formID": "frmLogIn",
        "platform": "android",
        "templateType": "forms",
        "topLevelBox": null
    },
    "id": "imgSwitch",
    "ide_onTouchEnd": "AS_Image_7bc501af9b794b28a59abcd3e93cb9a7",
    "imagescalemode": 1,
    "info": null,
    "invokedProperty": "src",
    "isvisible": true,
    "kuid": "639ddea4791f49849fa1031914153321",
    "name": "kony.ui.Image2",
    "ontouchend": "AS_Image_7bc501af9b794b28a59abcd3e93cb9a7",
    "parent": "FlexContainer0c0e0d18d669343",
    "pf": "frmLogIn",
    "srcType": 1,
    "wType": "Image",
    "widgetalignment": 5,
    "zindex": 3
}