{
    "@class": "com.kony.gen.viz.model.component.KVizTextBox2",
    "DNDConfig": null,
    "__parentReadjusting__": false,
    "_height_": {
        "type": "string",
        "value": "80%"
    },
    "_left_": {
        "type": "string",
        "value": "20%"
    },
    "_margin_": [
        0,
        0,
        0,
        0
    ],
    "_padding_": [
        0,
        0,
        0,
        0
    ],
    "_placeholder_": "",
    "_skin_": "s77b803b2ae74c578a04242fd0fba715",
    "_text_": "john@kony.com",
    "_top_": {
        "type": "string",
        "value": "10%"
    },
    "_width_": {
        "type": "string",
        "value": "75%"
    },
    "android": {
        "psp": {
            "keyboardActionLabel": 1
        }
    },
    "autocapitalize": "none",
    "autocomplete": false,
    "autocorrect": false,
    "autofilter": false,
    "canUpdateUI": true,
    "containerheight": "",
    "containerheightmode": 1,
    "containerweight": 100,
    "contentalignment": 4,
    "id": "txtbxPassword",
    "info": null,
    "isvisible": true,
    "keyboardactionlabel": 1,
    "keyboardtype": "A",
    "kuid": "34308b0d73134ddd839fbfd510741fbf",
    "mode": "A",
    "name": "kony.ui.TextBox2",
    "parent": "flxPassword",
    "pf": "frmLogIn",
    "securetextentry": true,
    "textinputmode": "A",
    "viewtype": "default",
    "wType": "TextField",
    "zindex": 1
}