{
    "AS_Button_ce17bd594b424d05a04337bd51efa48f": {
        "id": "AS_Button_ce17bd594b424d05a04337bd51efa48f",
        "type": "ACTION_SEQUENCE",
        "params": [{
            "datatype": "collection",
            "name": "eventobject"
        }],
        "contextObj": {
            "name": "frmScheduler",
            "type": "forms",
            "platform": "",
            "KUID": "dce4329935824bc08f82f0623d2a0039"
        },
        "language": "js",
        "actions": [{
            "id": "INVOKE_FUNCTION__ide_onClick_fd95df6743d4429092765bfd1aea2459",
            "type": "INVOKE_FUNCTION",
            "sequenceKUID": "scheduleJob",
            "display": "scheduleJob",
            "inputparams": [],
            "callbackType": null
        }]
    }
}