{
    "AS_Button_4270ed5fc5b04ba0b801016be2107003": {
        "id": "AS_Button_4270ed5fc5b04ba0b801016be2107003",
        "type": "ACTION_SEQUENCE",
        "params": [{
            "datatype": "collection",
            "name": "eventobject"
        }],
        "contextObj": {
            "name": "frmScheduler",
            "type": "forms",
            "platform": "",
            "KUID": "dce4329935824bc08f82f0623d2a0039"
        },
        "language": "js",
        "actions": [{
            "id": "INVOKE_FUNCTION__ide_onClick_92e6370186644355af5f9cffb770ad23",
            "type": "INVOKE_FUNCTION",
            "sequenceKUID": "scheduleJob",
            "display": "scheduleJob",
            "inputparams": [],
            "callbackType": null
        }]
    }
}