{
    "AS_Button_4c055e96468a44b6a31f9bc5fb12c7ea": {
        "id": "AS_Button_4c055e96468a44b6a31f9bc5fb12c7ea",
        "type": "ACTION_SEQUENCE",
        "params": [{
            "datatype": "collection",
            "name": "eventobject"
        }],
        "contextObj": {
            "name": "frmLogIn",
            "type": "forms",
            "platform": null,
            "KUID": "9a7a86262c1c417482ab4a13ad17bcbd"
        },
        "language": "js",
        "actions": [{
            "id": "NAVIGATE_TO_FORM___60ac7ac316e74f5497aacf4deb9b04b9",
            "type": "NAVIGATE_TO_FORM",
            "formId": "frmScheduler",
            "formKUID": "dce4329935824bc08f82f0623d2a0039",
            "mappings": {},
            "mappingsOrder": [],
            "parentId": "",
            "callbackType": null,
            "enableMappingEditor": true
        }]
    }
}