{
    "AS_Button_9d55ca3459fb4f70b09de515d3f1055c": {
        "id": "AS_Button_9d55ca3459fb4f70b09de515d3f1055c",
        "type": "ACTION_SEQUENCE",
        "params": [{
            "datatype": "collection",
            "name": "eventobject"
        }],
        "contextObj": {
            "name": "frmLogIn",
            "type": "forms",
            "platform": "",
            "KUID": "9a7a86262c1c417482ab4a13ad17bcbd"
        },
        "language": "js",
        "actions": [{
            "id": "ADD_SNIPPET__417e95b5a14e49d38890755c04acaf6c",
            "type": "ADD_SNIPPET",
            "codeSnippet": "getURLToDownlad();",
            "parentId": null,
            "callbackType": null
        }]
    }
}