{
    "AS_Button_c20993529e1c4208a4f949488ea83002": {
        "id": "AS_Button_c20993529e1c4208a4f949488ea83002",
        "type": "ACTION_SEQUENCE",
        "params": [{
            "datatype": "collection",
            "name": "eventobject"
        }],
        "contextObj": {
            "name": "frmScheduler",
            "type": "forms",
            "platform": "",
            "KUID": "dce4329935824bc08f82f0623d2a0039"
        },
        "language": "js",
        "actions": [{
            "id": "INVOKE_FUNCTION___016affa686e74da8a68e2602bf66562b",
            "type": "INVOKE_FUNCTION",
            "sequenceKUID": "scheduleJob",
            "display": "scheduleJob",
            "inputparams": [],
            "parentId": null,
            "callbackType": null
        }]
    }
}