{
    "AS_FlexContainer_26fba54a9a3f4045bdb0e5bcf5fba84c": {
        "id": "AS_FlexContainer_26fba54a9a3f4045bdb0e5bcf5fba84c",
        "type": "ACTION_SEQUENCE",
        "params": [{
            "datatype": "collection",
            "name": "eventobject"
        }, {
            "datatype": "string",
            "name": "x"
        }, {
            "datatype": "string",
            "name": "y"
        }],
        "contextObj": {
            "name": "tmpSchedulerHeader",
            "type": "templates",
            "platform": "",
            "KUID": "620448f963694c918626bdbabc237a2c"
        },
        "language": "js",
        "actions": [{
            "id": "NAVIGATE_TO_FORM___626a2b650ecd4be4b89d83083f7866a5",
            "type": "NAVIGATE_TO_FORM",
            "formId": "frmLogIn",
            "formKUID": "9a7a86262c1c417482ab4a13ad17bcbd",
            "mappings": {},
            "mappingsOrder": [],
            "parentId": "",
            "callbackType": null,
            "enableMappingEditor": true
        }]
    }
}