{
    "AS_FlexContainer_cfb2a3480a904b22869481d87a6b98bd": {
        "id": "AS_FlexContainer_cfb2a3480a904b22869481d87a6b98bd",
        "type": "ACTION_SEQUENCE",
        "params": [{
            "datatype": "collection",
            "name": "eventobject"
        }, {
            "datatype": "collection",
            "name": "context"
        }],
        "contextObj": {
            "name": "tmpRunningJobs",
            "type": "templates",
            "platform": "",
            "KUID": "4aeed67c275c43f2a459aea208efe433"
        },
        "language": "js",
        "actions": [{
            "id": "INVOKE_FUNCTION___9dc9b59aa5974274b494225a72dcdd05",
            "type": "INVOKE_FUNCTION",
            "sequenceKUID": "cancelJob",
            "display": "cancelJob",
            "inputparams": [],
            "parentId": null,
            "callbackType": null
        }]
    }
}