{
    "AS_Image_7bc501af9b794b28a59abcd3e93cb9a7": {
        "id": "AS_Image_7bc501af9b794b28a59abcd3e93cb9a7",
        "type": "ACTION_SEQUENCE",
        "params": [{
            "datatype": "collection",
            "name": "eventobject"
        }, {
            "datatype": "string",
            "name": "x"
        }, {
            "datatype": "string",
            "name": "y"
        }],
        "contextObj": {
            "name": "frmLogIn",
            "type": "forms",
            "platform": "",
            "KUID": "9a7a86262c1c417482ab4a13ad17bcbd"
        },
        "language": "js",
        "actions": [{
            "id": "ADD_SNIPPET__eec6f934942243b8bb54f8a71c3bc821",
            "type": "ADD_SNIPPET",
            "codeSnippet": "if(frmLogIn.imgSwitch.src===\"switch_on.png\")\n  frmLogIn.imgSwitch.src =\"switch_off.png\";\nelse\n  frmLogIn.imgSwitch.src = \"switch_on.png\";",
            "parentId": null,
            "callbackType": null
        }]
    }
}