{
    "NativeFunctionAPI": {
        "iOS": {},
        "Android": {
            "API level 23": {
                "android.animation-Android-API level 23": {
                    "title": "android.animation",
                    "platform": "Android",
                    "os": "API level 23",
                    "url": "/visualizer/nativeframeworks/android/1.0/android.animation-Android-4.0.zip",
                    "checksum": "514ad51d22c67b63c64af85c22c12c503f3a7557",
                    "projectName": "KonyTripNew",
                    "filepath": "G:\\kony\\workspace\\V73GA\\JobScheduler\\nativebindings\\Android\\API level 23\\android.animation-Android-4.0.zip",
                    "enable": true
                },
                "android.app-Android-API level 23": {
                    "title": "android.app",
                    "platform": "Android",
                    "os": "API level 23",
                    "url": "/visualizer/nativeframeworks/android/1.0/android.app-Android-4.0.zip",
                    "checksum": "e888b69438a74adad3c21577c08a5d062e23664a",
                    "projectName": "JSBZip",
                    "filepath": "G:\\kony\\workspace\\V73GA\\JobScheduler\\nativebindings\\Android\\API level 23\\android.app-Android-4.0.zip",
                    "enable": true
                },
                "android.content-Android-API level 23": {
                    "title": "android.content",
                    "platform": "Android",
                    "os": "API level 23",
                    "url": "/visualizer/nativeframeworks/android/1.0/android.content-Android-4.0.zip",
                    "checksum": "3ce60c47b75c2ad0dc7449d6b43c2842d2b6f103",
                    "projectName": "JSBZip",
                    "filepath": "G:\\kony\\workspace\\V73GA\\JobScheduler\\nativebindings\\Android\\API level 23\\android.content-Android-4.0.zip",
                    "enable": true
                },
                "android.net-Android-API level 23": {
                    "title": "android.net",
                    "platform": "Android",
                    "os": "API level 23",
                    "url": "/visualizer/nativeframeworks/android/1.0/android.net-Android-4.0.zip",
                    "checksum": "f20197e00555e1bc07d01e5d557ea448d2d06d7e",
                    "projectName": "JSBZip",
                    "filepath": "G:\\kony\\workspace\\V73GA\\JobScheduler\\nativebindings\\Android\\API level 23\\android.net-Android-4.0.zip",
                    "enable": true
                },
                "android.os-Android-API level 23": {
                    "title": "android.os",
                    "platform": "Android",
                    "os": "API level 23",
                    "url": "/visualizer/nativeframeworks/android/1.0/android.os-Android-4.0.zip",
                    "checksum": "de5b237fa8c25c9d37da33a2eeb957d76b755823",
                    "projectName": "JSBZip",
                    "filepath": "G:\\kony\\workspace\\V73GA\\JobScheduler\\nativebindings\\Android\\API level 23\\android.os-Android-4.0.zip",
                    "enable": true
                },
                "android.support.v4.app-Android-API level 23": {
                    "title": "android.support.v4.app",
                    "platform": "Android",
                    "os": "API level 23",
                    "url": "/visualizer/nativeframeworks/android/1.0/android.support.v4.app-Android-4.0.zip",
                    "checksum": "41dc2d2e4d4c1d984774d75eae7666d3a6ddf3ae",
                    "projectName": "JSBZip",
                    "filepath": "G:\\kony\\workspace\\V73GA\\JobScheduler\\nativebindings\\Android\\API level 23\\android.support.v4.app-Android-4.0.zip",
                    "enable": true
                },
                "java.io-Android-API level 23": {
                    "title": "java.io",
                    "platform": "Android",
                    "os": "API level 23",
                    "url": "/visualizer/nativeframeworks/android/1.0/java.io-Android-4.0.zip",
                    "checksum": "e0723cfa8b9544aa3acbed531d7d1ce656894f3f",
                    "projectName": "JSBZip",
                    "filepath": "G:\\kony\\workspace\\V73GA\\JobScheduler\\nativebindings\\Android\\API level 23\\java.io-Android-4.0.zip",
                    "enable": true
                },
                "java.net-Android-API level 23": {
                    "title": "java.net",
                    "platform": "Android",
                    "os": "API level 23",
                    "url": "/visualizer/nativeframeworks/android/1.0/java.net-Android-4.0.zip",
                    "checksum": "1a999a25b584801e4074c14a32bd7148db978222",
                    "projectName": "JSBZip",
                    "filepath": "G:\\kony\\workspace\\V73GA\\JobScheduler\\nativebindings\\Android\\API level 23\\java.net-Android-4.0.zip",
                    "enable": true
                },
                "java.util-Android-API level 23": {
                    "title": "java.util",
                    "platform": "Android",
                    "os": "API level 23",
                    "url": "/visualizer/nativeframeworks/android/1.0/java.util-Android-4.0.zip",
                    "checksum": "a365483103a0476fcc989a4f2db0cb604ce6b21d",
                    "projectName": "JSBZip",
                    "filepath": "G:\\kony\\workspace\\V73GA\\JobScheduler\\nativebindings\\Android\\API level 23\\java.util-Android-4.0.zip",
                    "enable": true
                },
                "javax.sql-Android-API level 23": {
                    "title": "javax.sql",
                    "platform": "Android",
                    "os": "API level 23",
                    "url": "/visualizer/nativeframeworks/android/1.0/javax.sql-Android-4.0.zip",
                    "checksum": "e33014af8e3c081a80f14cc0dca63b458518d2cd",
                    "projectName": "KonyTripNew",
                    "filepath": "G:\\kony\\workspace\\V73GA\\JobScheduler\\nativebindings\\Android\\API level 23\\javax.sql-Android-4.0.zip",
                    "enable": true
                }
            },
            "4.0": {
                "ZipUnzip-Android-4.0": {
                    "title": "ZipUnzip",
                    "platform": "Android",
                    "os": "4.0",
                    "url": "G:\\kony\\workspace\\V73GA\\.nativebindings\\Android\\4.0\\ZipUnzip-Android-4.0.zip",
                    "filepath": "G:\\kony\\workspace\\V73GA\\JobScheduler\\nativebindings\\Android\\4.0\\ZipUnzip-Android-4.0.zip"
                }
            }
        }
    }
}