{
    "mwaddrkey": "",
    "wap_android360_fontsize": "12",
    "isA11yConfigEnabled": false,
    "watchos_notificationcentericon_42": "",
    "wap_android440_fontsize": "12",
    "apppackagekey": "",
    "nativeContainerProperties": {
        "isModified": true,
        "isEnableJSContainer": true,
        "isEnableJSContainerAndroid": true,
        "isEnableJSContaineriOS": false
    },
    "wap_android400_fontsize": "12",
    "wap_spaandroidtabhdpi_fontsize": "12",
    "watchos_shortlooknotificationicon": "",
    "appversionkey": "1.0.0",
    "watchos_longlooknotificationicon_38": "",
    "project.type": "js",
    "startupformkey": "frmLogIn",
    "wap_bb480_fontsize": "12",
    "wap_winphone480_fontsize": "12",
    "wap_android640_fontsize": "12",
    "vendornamekey": "KonyLabs",
    "wap_android320_fontsize": "12",
    "createdgaversion": "6.9.0",
    "watchos_notificationcentericon_38": "",
    "enableactionbar": false,
    "watchos_shortlooknotificationicon_42": "",
    "wap_android480_fontsize": "12",
    "wap_winphone320_fontsize": "12",
    "watchos_longlooknotificationicon_42": "",
    "appmenu": {
        "tablet": {
            "data": [
                {
                    "kuid": "112f215231f543c5ac2f17a12619a6c5",
                    "icon": {
                        "default": "option1.png"
                    },
                    "id": "appmenuitemid1",
                    "title": "Item 1"
                },
                {
                    "kuid": "fcd4727e7616445abc51f6552c7f5799",
                    "icon": {
                        "default": "option2.png"
                    },
                    "id": "appmenuitemid2",
                    "title": "Item 2"
                },
                {
                    "kuid": "c82a0c1f451c48f5a37c276c7b8ff9d1",
                    "icon": {
                        "default": "option3.png"
                    },
                    "id": "appmenuitemid3",
                    "title": "Item 3"
                },
                {
                    "kuid": "cb34d682c6104181b96239df2d73addf",
                    "icon": {
                        "default": "option4.png"
                    },
                    "id": "appmenuitemid4",
                    "title": "Item 4"
                }
            ]
        },
        "desktop": {
            "data": [
                {
                    "kuid": "496cb48430994f64900d09d0182de56a",
                    "icon": {
                        "default": "option1.png"
                    },
                    "id": "appmenuitemid1",
                    "title": "Item 1"
                },
                {
                    "kuid": "c7295add63b449f8996c078b4cb310da",
                    "icon": {
                        "default": "option2.png"
                    },
                    "id": "appmenuitemid2",
                    "title": "Item 2"
                },
                {
                    "kuid": "02da7a5e171f43d1b2e55f6067ff2703",
                    "icon": {
                        "default": "option3.png"
                    },
                    "id": "appmenuitemid3",
                    "title": "Item 3"
                },
                {
                    "kuid": "f93fa3cbd7ca436089a920c6efd7afac",
                    "icon": {
                        "default": "option4.png"
                    },
                    "id": "appmenuitemid4",
                    "title": "Item 4"
                }
            ]
        },
        "focusskin": null,
        "osVersion": "iOS7",
        "wType": "Appmenu",
        "focusSkin": null,
        "mobile": {
            "data": [
                {
                    "kuid": "efadcb3ca42e4088bc5cdfd1faa61ee6",
                    "icon": {
                        "default": "option1.png"
                    },
                    "id": "appmenuitemid1",
                    "title": "Item 1"
                },
                {
                    "kuid": "393d085cf24f4de9a3e4bb9bd6421683",
                    "icon": {
                        "default": "option2.png"
                    },
                    "id": "appmenuitemid2",
                    "title": "Item 2"
                },
                {
                    "kuid": "0492f7bc7edd4e1aa71d2a8bdc9b2045",
                    "icon": {
                        "default": "option3.png"
                    },
                    "id": "appmenuitemid3",
                    "title": "Item 3"
                },
                {
                    "kuid": "da6e8124525e4a60962240598e0f871d",
                    "icon": {
                        "default": "option4.png"
                    },
                    "id": "appmenuitemid4",
                    "title": "Item 4"
                }
            ]
        },
        "skin": null,
        "osPlatform": ""
    },
    "wap_spaipad_fontsize": "12",
    "mwportkey": "",
    "mwhttpsportkey": "",
    "wap_bb440_fontsize": "12",
    "wap_bb400_fontsize": "12",
    "appidkey": "JobScheduler",
    "statusBarHidden": "false",
    "wap_bb360_fontsize": "12",
    "isNewAppWithRespectToAndroidPackageName": "",
    "wap_spawindowstab_fontsize": "12",
    "watchos_longlooknotificationicon": "",
    "defaulttheme": "defaultTheme",
    "watchos_shortlooknotificationicon_38": "",
    "appaddrkey": "",
    "appnamekey": "JobScheduler",
    "watchos_notificationcentericon": "",
    "currentgaversion": "7.3.0",
    "wap_bb320_fontsize": "12",
    "wap_bb240_fontsize": "12",
    "desktopwebbasefontsize": "12",
    "mfappguid": {},
    "wap_android240_fontsize": "12",
    "wap_spaandroidtabldpi_fontsize": "12",
    "wap_spaandroidtabmdpi_fontsize": "12",
    "konyVizVersion": "7.3.0",
    "wap_spaandroidtab_fontsize": "12",
    "winmobileguidkey": "",
    "APPLICATION_THEME": "default",
    "ide_appEvents": {
        "mobile": {
            "postappinit": "AS_AppEvents_8c42552c8067472e8ca39e3f3ed3fbec"
        }
    },
    "build": "debug",
    "watchos_homescreenicon": "",
    "project_version": "sprint27",
    "wap_ip_fontsize": "12",
    "category": "app",
    "createdVizVersion": "2.9.0",
    "cordovaVersionInfo": {
        "useGlobalCordova": false
    },
    "enableCordova": false,
    "enableIdForAutomation": false,
    "isDpScaleFactor": true,
    "referenceWidth": "375"
}