{
  "javax": {
    "sql": {
      "StatementEvent": {
        "!url": "",
        "!type": "fn(con: +javax.sql.PooledConnection, statement: +java.sql.PreparedStatement, exception: +java.sql.SQLException)",
        "prototype": {
          "notifyAll": {
            "!type": "fn() -> void",
            "!url": "http://developer.android.com/reference/java/lang/Object.html#notifyAll()"
          },
          "toString": {
            "!type": "fn() -> string",
            "!url": "http://developer.android.com/reference/java/util/EventObject.html#toString()"
          },
          "equals": {
            "!type": "fn(o: +java.lang.Object) -> bool",
            "!url": "http://developer.android.com/reference/java/lang/Object.html#equals(java.lang.Object)"
          },
          "getStatement": {
            "!type": "fn() -> +java.sql.PreparedStatement",
            "!url": ""
          },
          "wait": {
            "!type": "fn() -> void",
            "!url": "http://developer.android.com/reference/java/lang/Object.html#wait()"
          },
          "getSource": {
            "!type": "fn() -> +java.lang.Object",
            "!url": "http://developer.android.com/reference/java/util/EventObject.html#getSource()"
          },
          "hashCode": {
            "!type": "fn() -> number",
            "!url": "http://developer.android.com/reference/java/lang/Object.html#hashCode()"
          },
          "getSQLException": {
            "!type": "fn() -> +java.sql.SQLException",
            "!url": ""
          },
          "getClass": {
            "!type": "fn() -> +java.lang.Class",
            "!url": "http://developer.android.com/reference/java/lang/Object.html#getClass()"
          },
          "notify": {
            "!type": "fn() -> void",
            "!url": "http://developer.android.com/reference/java/lang/Object.html#notify()"
          }
        }
      },
      "RowSetEvent": {
        "!url": "",
        "!type": "fn(theSource: +javax.sql.RowSet)",
        "prototype": {
          "hashCode": {
            "!type": "fn() -> number",
            "!url": "http://developer.android.com/reference/java/lang/Object.html#hashCode()"
          },
          "getClass": {
            "!type": "fn() -> +java.lang.Class",
            "!url": "http://developer.android.com/reference/java/lang/Object.html#getClass()"
          },
          "notify": {
            "!type": "fn() -> void",
            "!url": "http://developer.android.com/reference/java/lang/Object.html#notify()"
          },
          "notifyAll": {
            "!type": "fn() -> void",
            "!url": "http://developer.android.com/reference/java/lang/Object.html#notifyAll()"
          },
          "getSource": {
            "!type": "fn() -> +java.lang.Object",
            "!url": "http://developer.android.com/reference/java/util/EventObject.html#getSource()"
          },
          "equals": {
            "!type": "fn(o: +java.lang.Object) -> bool",
            "!url": "http://developer.android.com/reference/java/lang/Object.html#equals(java.lang.Object)"
          },
          "wait": {
            "!type": "fn() -> void",
            "!url": "http://developer.android.com/reference/java/lang/Object.html#wait()"
          },
          "toString": {
            "!type": "fn() -> string",
            "!url": "http://developer.android.com/reference/java/util/EventObject.html#toString()"
          }
        }
      },
      "ConnectionEvent": {
        "!url": "",
        "!type": "fn(theConnection: +javax.sql.PooledConnection)",
        "prototype": {
          "notifyAll": {
            "!type": "fn() -> void",
            "!url": "http://developer.android.com/reference/java/lang/Object.html#notifyAll()"
          },
          "toString": {
            "!type": "fn() -> string",
            "!url": "http://developer.android.com/reference/java/util/EventObject.html#toString()"
          },
          "equals": {
            "!type": "fn(o: +java.lang.Object) -> bool",
            "!url": "http://developer.android.com/reference/java/lang/Object.html#equals(java.lang.Object)"
          },
          "wait": {
            "!type": "fn() -> void",
            "!url": "http://developer.android.com/reference/java/lang/Object.html#wait()"
          },
          "getSource": {
            "!type": "fn() -> +java.lang.Object",
            "!url": "http://developer.android.com/reference/java/util/EventObject.html#getSource()"
          },
          "hashCode": {
            "!type": "fn() -> number",
            "!url": "http://developer.android.com/reference/java/lang/Object.html#hashCode()"
          },
          "getSQLException": {
            "!type": "fn() -> +java.sql.SQLException",
            "!url": ""
          },
          "getClass": {
            "!type": "fn() -> +java.lang.Class",
            "!url": "http://developer.android.com/reference/java/lang/Object.html#getClass()"
          },
          "notify": {
            "!type": "fn() -> void",
            "!url": "http://developer.android.com/reference/java/lang/Object.html#notify()"
          }
        }
      }
    }
  }
}