{
    "DNDConfig": null,
    "__parentReadjusting__": false,
    "_height_": {
        "type": "string",
        "value": "100%"
    },
    "_left_": {
        "type": "string",
        "value": "90%"
    },
    "_margin_": [
        0,
        0,
        0,
        0
    ],
    "_orientation_": 6,
    "_padding_": [
        0,
        0,
        0,
        0
    ],
    "_percent_": true,
    "_skin_": "sc521991fc0747d499d2e075523d8d6c",
    "_top_": {
        "type": "string",
        "value": "0dp"
    },
    "_width_": {
        "type": "string",
        "value": "10%"
    },
    "allboxes": [],
    "autogrowmode": 0,
    "canUpdateUI": true,
    "children": [
        "Image05e8299f238ee44"
    ],
    "clipbounds": true,
    "containerId": true,
    "containerweight": 100,
    "enablescrolling": true,
    "id": "FlexContainer0e9e13100a10449",
    "ide_onTouchEnd": "AS_FlexContainer_26fba54a9a3f4045bdb0e5bcf5fba84c",
    "info": null,
    "isSegmentChild": false,
    "isvisible": true,
    "kuid": "af77a1d4e5694b3786e8faebff6fd7b6",
    "layouttype": 2,
    "name": "kony.ui.FlexContainer",
    "ontouchend": "AS_FlexContainer_26fba54a9a3f4045bdb0e5bcf5fba84c",
    "parent": "flxHeader",
    "pf": "tmpSchedulerHeader",
    "snapgridsize": 10,
    "snaptogrid": true,
    "wType": "FlexContainer",
    "widgetalignment": 1,
    "zindex": 1
}