{
    "DNDConfig": null,
    "_height_": {
        "type": "string",
        "value": "8%"
    },
    "_margin_": [
        0,
        0,
        0,
        0
    ],
    "_orientation_": 6,
    "_padding_": [
        0,
        0,
        0,
        0
    ],
    "_percent_": true,
    "_skin_": "s9fb6554b5994116bf37b5257a7c945d",
    "allboxes": [],
    "autogrowmode": 0,
    "canUpdateUI": true,
    "children": [
        "lblHome",
        "FlexContainer0e9e13100a10449"
    ],
    "clipbounds": true,
    "containerId": true,
    "containerweight": 100,
    "enablescrolling": true,
    "id": "flxHeader",
    "info": null,
    "isSegmentChild": false,
    "isvisible": true,
    "kuid": "9b3e275a4c8b4d5b961ca16f27bf1c38",
    "layouttype": 2,
    "name": "kony.ui.FlexContainer",
    "parent": "tmpSchedulerHeader",
    "pf": "tmpSchedulerHeader",
    "snapgridsize": 10,
    "snaptogrid": true,
    "wType": "FlexContainer",
    "widgetalignment": 1
}