{
    "DNDConfig": null,
    "_height_": {
        "type": "string",
        "value": "15%"
    },
    "_margin_": [
        0,
        0,
        0,
        0
    ],
    "_orientation_": 6,
    "_padding_": [
        0,
        0,
        0,
        0
    ],
    "_percent_": true,
    "_skin_": "sefb9ee27726438eb93f47bc2959ca90",
    "allboxes": [],
    "autogrowmode": 0,
    "canUpdateUI": true,
    "children": [
        "flxTmpRunningjobs",
        "FlexContainer02f5da4f4604247"
    ],
    "clipbounds": true,
    "containerId": true,
    "containerweight": 100,
    "enablescrolling": true,
    "id": "flxTmpRunningjobs1",
    "ide_onTouchEnd": "AS_FlexContainer_e7e934ce4085427f8e0b388b9e964d8f",
    "info": null,
    "isSegmentChild": false,
    "isTemplate": true,
    "isvisible": true,
    "kuid": "8210d799a49d4527895832e4d4a27ed7",
    "layouttype": 2,
    "name": "kony.ui.FlexContainer",
    "ontouchend": "AS_FlexContainer_e7e934ce4085427f8e0b388b9e964d8f",
    "parent": "tmpRunningJobs",
    "pf": "tmpRunningJobs",
    "snapgridsize": 10,
    "snaptogrid": true,
    "wType": "FlexContainer",
    "widgetalignment": 1
}