{
    "DNDConfig": null,
    "__parentReadjusting__": false,
    "_height_": {
        "type": "string",
        "value": "100%"
    },
    "_left_": {
        "type": "string",
        "value": "0dp"
    },
    "_margin_": [
        0,
        0,
        0,
        0
    ],
    "_orientation_": 6,
    "_padding_": [
        0,
        0,
        0,
        0
    ],
    "_percent_": true,
    "_skin_": "s52d1ea2f71a48d7ac2b0c4a2ec8ebb3",
    "_top_": {
        "type": "string",
        "value": "0dp"
    },
    "_width_": {
        "type": "string",
        "value": "100.03%"
    },
    "allboxes": [],
    "autogrowmode": 0,
    "canUpdateUI": true,
    "children": [
        "lblRunningJobName",
        "lblRunningJobDesc",
        "lblJobId"
    ],
    "clipbounds": true,
    "containerId": true,
    "containerweight": 100,
    "enablescrolling": true,
    "focusskin": "s52d1ea2f71a48d7ac2b0c4a2ec8ebb3",
    "id": "flxTmpRunningjobs",
    "info": null,
    "isSegmentChild": false,
    "isvisible": true,
    "kuid": "e4e7d208abe44fc292df37f6d9cd7778",
    "layouttype": 2,
    "name": "kony.ui.FlexContainer",
    "parent": "flxTmpRunningjobs1",
    "pf": "tmpRunningJobs",
    "snapgridsize": 10,
    "snaptogrid": true,
    "wType": "FlexContainer",
    "widgetalignment": 1,
    "zindex": 10
}