{
    "@class": "com.kony.gen.viz.model.component.KVizImage2",
    "DNDConfig": null,
    "__parentReadjusting__": false,
    "_base64_": null,
    "_height_": {
        "type": "string",
        "value": "100%"
    },
    "_left_": {
        "type": "string",
        "value": "0%"
    },
    "_margin_": [
        0,
        0,
        0,
        0
    ],
    "_padding_": [
        1,
        1,
        1,
        1
    ],
    "_skin_": "s65a5006ea6a4305beaa71ea58583cab",
    "_src_": "trash.png",
    "_top_": {
        "type": "string",
        "value": "0%"
    },
    "_width_": {
        "type": "string",
        "value": "100%"
    },
    "canUpdateUI": true,
    "containerId": true,
    "containerweight": 100,
    "context": {
        "channel": "mobile",
        "platform": "android",
        "templateType": "segments",
        "topLevelBox": null
    },
    "id": "imgDelete",
    "imagescalemode": 1,
    "info": null,
    "invokedProperty": "src",
    "isSegmentChild": false,
    "isvisible": true,
    "kuid": "55c7b97ea96f41628142790def261ad4",
    "name": "kony.ui.Image2",
    "paddinginpixel": false,
    "parent": "FlexContainer02f5da4f4604247",
    "pf": "tmpRunningJobs",
    "srcType": 1,
    "wType": "Image",
    "widgetalignment": 5,
    "zindex": 3
}