{
    "@class": "com.kony.gen.viz.model.component.KVizLabel",
    "DNDConfig": null,
    "__parentReadjusting__": false,
    "_height_": {
        "type": "ref",
        "value": "preferred"
    },
    "_left_": {
        "type": "string",
        "value": "41dp"
    },
    "_margin_": [
        1,
        1,
        1,
        1
    ],
    "_padding_": [
        0,
        0,
        0,
        0
    ],
    "_skin_": "s85bab9a0a114d578b4772fbff202142",
    "_text_": "jobId",
    "_top_": {
        "type": "string",
        "value": "33dp"
    },
    "_width_": {
        "type": "ref",
        "value": "preferred"
    },
    "_wrapping_": 2,
    "android": {
        "textStyle": {
            "letterSpacing": 0,
            "strikeThrough": false
        }
    },
    "canUpdateUI": true,
    "containerId": true,
    "containerweight": 100,
    "contentalignment": 4,
    "id": "lblJobId",
    "info": null,
    "ipad": {
        "psp": {
            "wrapping": 2
        }
    },
    "iphone": {
        "psp": {
            "wrapping": 2
        }
    },
    "isSegmentChild": false,
    "isvisible": false,
    "kuid": "c260de27f93f4abdace57ad533071dfc",
    "name": "kony.ui.Label",
    "parent": "flxTmpRunningjobs",
    "pf": "tmpRunningJobs",
    "tooltip": "",
    "wType": "Label",
    "zindex": 1
}