{
    "@class": "com.kony.gen.viz.model.component.KVizLabel",
    "DNDConfig": null,
    "__parentReadjusting__": false,
    "_height_": {
        "type": "ref",
        "value": "preferred"
    },
    "_left_": {
        "type": "string",
        "value": "5%"
    },
    "_margin_": [
        1,
        1,
        1,
        1
    ],
    "_padding_": [
        0,
        0,
        0,
        0
    ],
    "_skin_": "sa05204282f341e98cfc13441f64f851",
    "_text_": "Description regarding running job will be displayed here.",
    "_top_": {
        "type": "string",
        "value": "30%"
    },
    "_width_": {
        "type": "string",
        "value": "90%"
    },
    "_wrapping_": 2,
    "android": {
        "maxNumberOfLines": 2,
        "textStyle": {
            "letterSpacing": 0,
            "strikeThrough": false
        }
    },
    "canUpdateUI": true,
    "containerId": true,
    "containerweight": 100,
    "contentalignment": 4,
    "id": "lblRunningJobDesc",
    "info": null,
    "ipad": {
        "psp": {
            "wrapping": 2
        }
    },
    "iphone": {
        "psp": {
            "wrapping": 2
        }
    },
    "isSegmentChild": false,
    "isvisible": true,
    "kuid": "2b8bb7dbeb334120a8ebd0ac50eebd6d",
    "maxnumberoflines": 2,
    "name": "kony.ui.Label",
    "parent": "flxTmpRunningjobs",
    "pf": "tmpRunningJobs",
    "tooltip": "",
    "wType": "Label",
    "zindex": 1
}