{
  "android": {
    "font_name": "default",
    "font_size": 142,
    "isForked": false
  },
  "background_color": "ffffff00",
  "bg_type": "one",
  "border_color": "424242ff",
  "border_style": "plain",
  "border_type": 0,
  "border_width": 0,
  "desktopweb": {
    "font_size": 142,
    "isForked": false
  },
  "fontSizeInPx": false,
  "font_color": "faf5faff",
  "font_name": "Helvetica",
  "font_size": 142,
  "font_style": "normal",
  "font_weight": "normal",
  "ipad": {
    "font_size": 142,
    "isForked": false
  },
  "iphone": {
    "font_size": 142,
    "isForked": false
  },
  "isDefaultSkin": false,
  "kiosk": {
    "font_size": 142,
    "isForked": false
  },
  "kuid": "se2a082738c74e42b9e78931b2f73254",
  "spaan": {
    "font_size": 142,
    "isForked": false
  },
  "spaandroidtablet": {
    "font_size": 142,
    "isForked": false
  },
  "spabb": {
    "font_size": 142,
    "isForked": false
  },
  "spaip": {
    "font_size": 142,
    "isForked": false
  },
  "spaipad": {
    "font_size": 142,
    "isForked": false
  },
  "spawindowstablet": {
    "font_size": 142,
    "isForked": false
  },
  "spawinphone8": {
    "font_size": 142,
    "isForked": false
  },
  "tabrcandroid": {
    "font_size": 142,
    "isForked": false
  },
  "wType": "Label",
  "watchos": {
    "font_size": 142,
    "isForked": false
  },
  "windows8": {
    "font_size": 142,
    "isForked": false
  },
  "winphone8": {
    "font_size": 142,
    "isForked": false
  }
}