{
  "android": {
    "font_name": "default",
    "font_size": 178,
    "isForked": false
  },
  "background_color": "00000000",
  "bg_type": "one",
  "border_color": "424242ff",
  "border_style": "plain",
  "border_type": 0,
  "border_width": 0,
  "desktopweb": {
    "font_size": 178,
    "isForked": false
  },
  "fontSizeInPx": false,
  "font_color": "faf5faff",
  "font_name": "Helvetica",
  "font_size": 178,
  "font_style": "normal",
  "font_weight": "normal",
  "ipad": {
    "font_size": 178,
    "isForked": false
  },
  "iphone": {
    "font_size": 178,
    "isForked": false
  },
  "isDefaultSkin": false,
  "kiosk": {
    "font_size": 178,
    "isForked": false
  },
  "kuid": "s835825b623c4ba0a3110748c24ade6f",
  "spaan": {
    "font_size": 178,
    "isForked": false
  },
  "spaandroidtablet": {
    "font_size": 178,
    "isForked": false
  },
  "spabb": {
    "font_size": 178,
    "isForked": false
  },
  "spaip": {
    "font_size": 178,
    "isForked": false
  },
  "spaipad": {
    "font_size": 178,
    "isForked": false
  },
  "spawindowstablet": {
    "font_size": 178,
    "isForked": false
  },
  "spawinphone8": {
    "font_size": 178,
    "isForked": false
  },
  "tabrcandroid": {
    "font_size": 178,
    "isForked": false
  },
  "wType": "Label",
  "watchos": {
    "font_size": 178,
    "isForked": false
  },
  "windows8": {
    "font_size": 178,
    "isForked": false
  },
  "winphone8": {
    "font_size": 178,
    "isForked": false
  }
}