{
  "android": {
    "font_size": 136,
    "isForked": false
  },
  "background_color": "171d23ff",
  "bg_type": "one",
  "border_color": "414141ff",
  "border_style": "plain",
  "border_type": 0,
  "border_width": 0,
  "desktopweb": {
    "font_size": 136,
    "isForked": false
  },
  "font_color": "00a3d9ff",
  "font_name": "Arial",
  "font_size": 136,
  "font_style": "normal",
  "font_weight": "normal",
  "ipad": {
    "font_size": 136,
    "isForked": false
  },
  "iphone": {
    "font_size": 136,
    "isForked": false
  },
  "isDefaultSkin": false,
  "kiosk": {
    "font_size": 136,
    "isForked": false
  },
  "kuid": "sd19393f2a1945df87ddfb067908f91a",
  "spaan": {
    "font_size": 136,
    "isForked": false
  },
  "spaandroidtablet": {
    "font_size": 136,
    "isForked": false
  },
  "spabb": {
    "font_size": 136,
    "isForked": false
  },
  "spaip": {
    "font_size": 136,
    "isForked": false
  },
  "spaipad": {
    "font_size": 136,
    "isForked": false
  },
  "spawindowstablet": {
    "font_size": 136,
    "isForked": false
  },
  "spawinphone8": {
    "font_size": 136,
    "isForked": false
  },
  "tabrcandroid": {
    "font_size": 136,
    "isForked": false
  },
  "wType": "TabPane",
  "watchos": {
    "font_size": 136,
    "isForked": false
  },
  "windows8": {
    "font_size": 136,
    "isForked": false
  },
  "winphone8": {
    "font_size": 136,
    "isForked": false
  }
}