{
  "android": {
    "font_size": 136,
    "isForked": false
  },
  "background_color": "ffffffff",
  "bg_type": "one",
  "border_color": "000000ff",
  "border_style": "plain",
  "border_type": 0,
  "border_width": 0,
  "desktopweb": {
    "font_size": 136,
    "isForked": false
  },
  "fontSizeInPx": false,
  "font_color": "00a3d9ff",
  "font_size": 136,
  "ipad": {
    "font_size": 136,
    "isForked": false
  },
  "iphone": {
    "font_size": 136,
    "isForked": false
  },
  "isDefaultSkin": false,
  "kiosk": {
    "font_size": 136,
    "isForked": false
  },
  "kuid": "s9f6a34b2a264d3a839872e150c5c88c",
  "spaan": {
    "font_size": 136,
    "isForked": false
  },
  "spaandroidtablet": {
    "font_size": 136,
    "isForked": false
  },
  "spabb": {
    "font_size": 136,
    "isForked": false
  },
  "spaip": {
    "font_size": 136,
    "isForked": false
  },
  "spaipad": {
    "font_size": 136,
    "isForked": false
  },
  "spawindowstablet": {
    "font_size": 136,
    "isForked": false
  },
  "spawinphone8": {
    "font_size": 136,
    "isForked": false
  },
  "tabrcandroid": {
    "font_size": 136,
    "isForked": false
  },
  "wType": "Tab",
  "watchos": {
    "font_size": 136,
    "isForked": false
  },
  "windows8": {
    "font_size": 136,
    "isForked": false
  },
  "winphone8": {
    "font_size": 136,
    "isForked": false
  }
}