{
    "@class": "com.kony.gen.viz.model.container.KVizScrollFlexForm",
    "DNDConfig": null,
    "_headers_": [
        null
    ],
    "_margin_": [
        0,
        0,
        0,
        0
    ],
    "_orientation_": 1,
    "_padding_": [
        0,
        0,
        0,
        0
    ],
    "_percent_": true,
    "_skin_": "s8f1104f08cf4747a9ab98f6e8c8b079",
    "_title_": null,
    "addWidgetsdone": false,
    "allboxes": [],
    "canUpdateUI": true,
    "children": [
        "tabPaneScheduler"
    ],
    "containerweight": 100,
    "currentLocale": null,
    "desktopweb": {
        "needAppMenu": false
    },
    "device": "GalaxyS5",
    "displayorientation": 1,
    "enabledforidletimeout": false,
    "header": "frmScheduler_header",
    "headersId": "620448f963694c918626bdbabc237a2c",
    "id": "frmScheduler",
    "ide_postShow": "AS_Form_46f4196916a94f5fa2bb102be63d9aad",
    "info": null,
    "initdone": false,
    "inputaccessoryviewtype": {
        "desktopweb": {
            "needAppMenu": false
        },
        "ipad": {
            "psp": {
                "inputAccessoryViewType": 4
            }
        },
        "iphone": {
            "psp": {
                "inputAccessoryViewType": 4,
                "titleBarConfig": {
                    "buttonClosureLeftSideView": "",
                    "buttonClosureRightSideView": "",
                    "buttonText": "Edit",
                    "leftButtonText": "Back",
                    "leftTitle": "Back",
                    "prevFormTitle": false,
                    "renderTitleText": true,
                    "rightTitle": "Edit",
                    "titleBarLeftSideView": "button",
                    "titleBarRightSideView": "button",
                    "titleClosureLeftSideView": "",
                    "titleClosureRightSideView": "",
                    "visible": true
                }
            },
            "titleBar": true
        }
    },
    "invokedProperty": "headers",
    "ipad": {
        "psp": {
            "inputAccessoryViewType": 4
        }
    },
    "iphone": {
        "psp": {
            "inputAccessoryViewType": 4,
            "titleBarConfig": {
                "buttonClosureLeftSideView": "",
                "buttonClosureRightSideView": "",
                "buttonText": "Edit",
                "leftButtonText": "Back",
                "leftTitle": "Back",
                "prevFormTitle": false,
                "renderTitleText": true,
                "rightTitle": "Edit",
                "titleBarLeftSideView": "button",
                "titleBarRightSideView": "button",
                "titleClosureLeftSideView": "",
                "titleClosureRightSideView": "",
                "visible": true
            }
        },
        "titleBar": true
    },
    "isvisible": true,
    "kuid": "dce4329935824bc08f82f0623d2a0039",
    "layouttype": 2,
    "name": "kony.ui.Form2",
    "needappmenu": true,
    "paddinginpixel": false,
    "platform": "android",
    "postshow": "AS_Form_46f4196916a94f5fa2bb102be63d9aad",
    "prevDevice": "iPhone6",
    "prevPlatform": "iphone",
    "retainscrollposition": false,
    "shellCSS": "and_GalaxyS5",
    "snapgridsize": 10,
    "snaptogrid": true,
    "titleBarSkin": "s01a3c761ed44dcab0d6537d1b55b621",
    "titlebar": true,
    "type": 3,
    "wType": "Form"
}